[{"player_sk": 1, "p_name": "Woods", "t_name": "US open", "prize": 10000.0, "rank": 1, "year": 2014}, {"player_sk": 2, "p_name": "Smith", "t_name": "US open", "prize": 20000.0, "rank": 2, "year": 2014}, {"player_sk": 2, "p_name": "Smith", "t_name": "British Open", "prize": 1000.0, "rank": 4, "year": 2014}, {"player_sk": 2, "p_name": "Smith", "t_name": "Italian Open", "prize": 10000.0, "rank": 3, "year": 2014}, {"player_sk": 1, "p_name": "Woods", "t_name": "Italian Open", "prize": 1100.0, "rank": 2, "year": 2014}, {"player_sk": 6, "p_name": "Baggio", "t_name": "Irish Open", "prize": 6000.0, "rank": 3, "year": 2014}, {"player_sk": 2, "p_name": "Smith", "t_name": "Irish Open", "prize": 9000.0, "rank": 2, "year": 2014}, {"player_sk": 1, "p_name": "Woods", "t_name": "Irish Open", "prize": 10000.0, "rank": 1, "year": 2014}, {"player_sk": 5, "p_name": "McDonald", "t_name": "Italian Open", "prize": 9500.0, "rank": 2, "year": 2014}, {"player_sk": 5, "p_name": "McDonald", "t_name": "Irish Open", "prize": 10000.0, "rank": 4, "year": 2014}, {"player_sk": 5, "p_name": "McDonald", "t_name": "British Open", "prize": 100.0, "rank": 7, "year": 2014}, {"player_sk": 5, "p_name": "McDonald", "t_name": "Dutch open", "prize": 1300.0, "rank": 1, "year": 2014}, {"player_sk": 1, "p_name": "Woods", "t_name": "Dutch open", "prize": 2600.0, "rank": 3, "year": 2014}, {"player_sk": 1, "p_name": "Woods", "t_name": "French Open", "prize": 7800.0, "rank": 1, "year": 2014}, {"player_sk": 1, "p_name": "Woods", "t_name": "Spanish Open", "prize": 22100.0, "rank": 3, "year": 2014}, {"player_sk": 5, "p_name": "McDonald", "t_name": "Spanish Open", "prize": 1430.0, "rank": 12, "year": 2014}, {"player_sk": 10, "p_name": "Ross", "t_name": "Chiinese Open", "prize": 10400.0, "rank": 10, "year": 2014}, {"player_sk": 1, "p_name": "Woods", "t_name": "Chiinese Open", "prize": 15600.0, "rank": 2, "year": 2014}, {"player_sk": 5, "p_name": "McDonald", "t_name": "Chiinese Open", "prize": 13000.0, "rank": 3, "year": 2014}, {"player_sk": 9, "p_name": "Flynn", "t_name": "Spanish Open", "prize": 11700.0, "rank": 1, "year": 2014}, {"player_sk": 9, "p_name": "Flynn", "t_name": "Chiinese Open", "prize": 1300.0, "rank": 5, "year": 2014}, {"player_sk": 9, "p_name": "Flynn", "t_name": "French Open", "prize": 1300.0, "rank": 3, "year": 2014}, {"player_sk": 9, "p_name": "Flynn", "t_name": "Dubai Open", "prize": 10400.0, "rank": 3, "year": 2014}, {"player_sk": 1, "p_name": "Woods", "t_name": "Dubai Open", "prize": 20800.0, "rank": 2, "year": 2014}, {"player_sk": 5, "p_name": "McDonald", "t_name": "Dubai Open", "prize": 26000.0, "rank": 1, "year": 2014}, {"player_sk": 5, "p_name": "McDonald", "t_name": "US Master", "prize": 2600.0, "rank": 3, "year": 2014}, {"player_sk": 9, "p_name": "Flynn", "t_name": "US Master", "prize": 12220.0, "rank": 2, "year": 2014}, {"player_sk": 8, "p_name": "Bin", "t_name": "US Master", "prize": 15600.0, "rank": 1, "year": 2014}]